"ID","user_login","user_nicename","user_email","user_url","user_registered","user_status","display_name","nickname","first_name","last_name","description","rich_editing","comment_shortcuts","admin_color","use_ssl","show_admin_bar_front","po_capabilities","po_user_level","dismissed_wp_pointers","show_welcome_panel","po_dashboard_quick_press_last_post_id","closedpostboxes_dashboard","metaboxhidden_dashboard","po_user-settings","po_user-settings-time","po_aam_activity","tgmpa_dismissed_notice_tgmpa","facebook","twitter","googleplus","aam_contextual_menu","closedpostboxes_post","AtD_ignored_phrases","forrst","grooveshark","html5","instagram","lastfm","linkedin","mail-1","myspace","path","paypal","picasa","pinterest","posterous","reddit","rss","share","skype","soundcloud","spotify","stackoverflow","steam","stumbleupon","tumblr","vimeo","vk","windows","wordpress","yahoo","youtube","evernote","flickr","behance","blogger","delicious","deviantart","digg","dribbble","AtD_options","AtD_check_when","AtD_guess_lang","session_tokens","closedpostboxes_politician","metaboxhidden_politician","meta-box-order_dashboard","screen_layout_post","managenav-menuscolumnshidden","metaboxhidden_nav-menus","po_types-modal","wpcf-group-form-toggle","closedpostboxes_page","metaboxhidden_page","wsl_current_provider","nav_menu_recently_edited","closedpostboxes_toplevel_page_wpcf7","metaboxhidden_toplevel_page_wpcf7","closedpostboxes_wprss_feed","metaboxhidden_wprss_feed","meta-box-order_post","metaboxhidden_post","meta-box-order_page","edit_politician_per_page","jetpack_tracks_wpcom_id","closedpostboxes_types_page_wpcf-edit","metaboxhidden_types_page_wpcf-edit","wpseo_ignore_tour","wpseo-dismiss-about","closedpostboxes_toolset_page_wpcf-edit-type","closedpostboxes_toolset_page_wpcf-edit","metaboxhidden_toolset_page_wpcf-edit","screen_layout_page","wpseo_seen_about_version","_yoast_wpseo_profile_updated","tgmpa_dismissed_notice_upvote","po_r_tru_u_x","po__liked_posts","po__user_like_count","po_yoast_notifications","wsl_current_user_image","default_password_nag"
"55","Aridaman_Singh_Bal","aridaman_singh_bal","memphis09chd@hotmail.com","https://www.facebook.com/app_scoped_user_id/10157294270105114/","2016-08-20 06:27:35","0","Aridaman Singh Bal","Aridaman_Singh_Bal","Aridaman","Bal","","true","false","fresh","0","true","subscriber|1","0","","","","","","","","","","","","","","","","","","","","","","","","","","","","","","","","","","","","","","","","","","","","","","","","","","","","","","","","1009ff3a41f8110b4304f663e0ef50f2c7744e19cb5ffc9a84101489e4f62608|expiration||1472884055||ip||110.225.210.202||ua||Mozilla/5.0(Macintosh;IntelMacOSX10_11_6)AppleWebKit/537.36(KHTML,likeGecko)Chrome/52.0.2743.116Safari/537.36||login||1471674455","","","","","","","","","","","Facebook","","","","","","","","","","","","","","","","","","","","","","","","","","https://graph.facebook.com/10157294270105114/picture?width=150&amp;amp;height=150",""
"42","Bloomberg","bloomberg","bloomberg@politicl.com","","2016-06-13 07:39:43","0","Bloomberg","Bloomberg","","","","true","false","fresh","0","true","author|1","2","","","","","","","","","","","","","","","","","","","","","","","","","","","","","","","","","","","","","","","","","","","","","","","","","","","","","","","","","","","","","","","","","","","","","","","","","","","","","","","","","","","","","","","","","","","","","",""
"54","Braveston_Admin","braveston_admin","braveston@gmail.com","https://www.facebook.com/app_scoped_user_id/326523724359994/","2016-08-20 06:23:12","0","Braveston Admin","Braveston_Admin","Braveston","Admin","","true","false","fresh","0","true","subscriber|1","0","","","","","","","","","","","","","","","","","","","","","","","","","","","","","","","","","","","","","","","","","","","","","","","","","","","","","","","","bfa1fc74a20bee28f3ba81cf7581647056b2a3873c3e083c96ea34bf5f6dc392|expiration||1472883792||ip||110.225.210.202||ua||Mozilla/5.0(Macintosh;IntelMacOSX10_11_6)AppleWebKit/537.36(KHTML,likeGecko)Chrome/52.0.2743.116Safari/537.36||login||1471674192","","","","","","","","","","","Facebook","","","","","","","","","","","","","","","","","","","","","","","","","","https://graph.facebook.com/326523724359994/picture?width=150&amp;amp;height=150",""
"24","Business Standard","business-standard","businessstandard@politicl.com","","2015-07-14 06:07:41","0","Business Standard","Business Standard","","","","true","false","fresh","0","true","author|1","2","wp360_locks,wp390_widgets","","","","","","","","","","","","","","","","","","","","","","","","","","","","","","","","","","","","","","","","","","","","","","","","","","","","","","","","","","","","","","","","","","","","","","","","","","","","","","","","","","","","","","","","","","","","",""
"58","cliffspring","cliffspring","zhang79862840hzk@163.com","","2016-08-20 17:40:28","0","cliffspring","cliffspring","","","","true","false","fresh","0","true","subscriber|1","0","","","","","","","","","","","","","","","","","","","","","","","","","","","","","","","","","","","","","","","","","","","","","","","","","","","","","","","","","","","","","","","","","","","","","","","","","","","","","","","","","","","","","","","","","","","","","","1"
"40","DailyO","dailyo","dailyo@politicl.com","","2016-04-22 08:16:00","0","DailyO","DailyO","","","","true","false","fresh","0","true","author|1","2","","","","","","","","","","","","","","","","","","","","","","","","","","","","","","","","","","","","","","","","","","","","","","","","","","","","","","","","","","","","","","","","","","","","","","","","","","","","","","","","","","","","","","","","","","","","","",""
"29","Deccan Chronicle","deccan-chronicle","deccanchronicle@gmail.com","","2015-09-08 14:05:51","0","Deccan Chronicle","Deccan Chronicle","","","","true","false","fresh","0","true","author|1","2","wp360_locks,wp390_widgets","","","","","","","","","","","","","","","","","","","","","","","","","","","","","","","","","","","","","","","","","","","","","","","","","","","","","","","","","","","","","","","","","","","","","","","","","","","","","","","","","","","","","","","","","","","","",""
"65","delrister483781","delrister483781","shai28406284ajm@163.com","","2016-08-21 12:57:15","0","delrister483781","delrister483781","","","","true","false","fresh","0","true","subscriber|1","0","","","","","","","","","","","","","","","","","","","","","","","","","","","","","","","","","","","","","","","","","","","","","","","","","","","","","","","","","","","","","","","","","","","","","","","","","","","","","","","","","","","","","","","","","","","","","","1"
"57","denisconforti","denisconforti","lie2840628upy@163.com","","2016-08-20 16:56:07","0","denisconforti","denisconforti","","","","true","false","fresh","0","true","subscriber|1","0","","","","","","","","","","","","","","","","","","","","","","","","","","","","","","","","","","","","","","","","","","","","","","","","","","","","","","","","","","","","","","","","","","","","","","","","","","","","","","","","","","","","","","","","","","","","","","1"
"33","DNA","dna","dna@politicl.com","","2015-09-24 05:47:29","0","DNA","DNA","","","","true","false","fresh","0","true","author|1","2","wp360_locks,wp390_widgets","","","","","","","","","","","","","","","","","","","","","","","","","","","","","","","","","","","","","","","","","","","","","","","","","","","","","","","","","","","","","","","","","","","","","","","","","","","","","","","","","","","","","","","","","","","","",""
"59","fideldwyer8","fideldwyer8","chi22973951hfg@163.com","","2016-08-20 17:53:24","0","fideldwyer8","fideldwyer8","","","","true","false","fresh","0","true","subscriber|1","0","","","","","","","","","","","","","","","","","","","","","","","","","","","","","","","","","","","","","","","","","","","","","","","","","","","","","","","","","","","","","","","","","","","","","","","","","","","","","","","","","","","","","","","","","","","","","","1"
"9","Firstpost","firstpost","firstpost@politicl.com","","2015-07-07 13:28:48","0","Firstpost","Firstpost","Firstpost","","","true","false","fresh","0","true","author|1","2","wp360_locks,wp390_widgets","","","","","","","","","","","","","","","","","","","","","","","","","","","","","","","","","","","","","","","","","","","","","","","","","","","","","","","","","","","","","","","","","","","","","","","","","","","","","","","","","","","","","","","","","","","","",""
"8","Forbes","forbes","forbes@politicl.com","http://forbesindia.com/","2015-07-07 13:18:36","0","Forbes India","Forbes","Forbes","India","","true","false","fresh","0","true","author|1","2","wp360_locks,wp390_widgets","","","","","","","","","","","","","","","","","","","","","","","","","","","","","","","","","","","","","","","","","","","","","","","","","","","","","","","","","","","","","","","","","","","","","","","","","","","","","","","","","","","","","","","","","","","","",""
"21","Frontline","frontline","frontline@politicl.com","","2015-07-13 09:27:30","0","Frontline","Frontline","","","","true","false","fresh","0","true","author|1","2","wp360_locks,wp390_widgets","","","","","","","","","","","","","","","","","","","","","","","","","","","","","","","","","","","","","","","","","","","","","","","","","","","","","","","","","","","","","","","","","","","","","","","","","","","","","","","","","","","","","","","","","","","","",""
"67","gerilandsb36","gerilandsb36","di6284062840qyz@163.com","","2016-08-21 13:59:36","0","gerilandsb36","gerilandsb36","","","","true","false","fresh","0","true","subscriber|1","0","","","","","","","","","","","","","","","","","","","","","","","","","","","","","","","","","","","","","","","","","","","","","","","","","","","","","","","","","","","","","","","","","","","","","","","","","","","","","","","","","","","","","","","","","","","","","","1"
"15","Hindustan Times","hindustan-times","hindustantimes@politicl.com","","2015-07-10 14:21:12","0","Hindustan Times","Hindustan Times","","","","true","false","fresh","0","true","author|1","2","wp360_locks,wp390_widgets","","","","","","","","","","","","","","","","","","","","","","","","","","","","","","","","","","","","","","","","","","","","","","","","","","","","","","","","","","","","","","","","","","","","","","","","","","","","","","","","","","","","","","","","","","","","",""
"17","IBNLive","ibnlive","ibnlive@politicl.com","","2015-07-11 06:02:20","0","IBNLive","IBNLive","","","","true","false","fresh","0","true","author|1","2","wp360_locks,wp390_widgets","","","","","","","","","","","","","","","","","","","","","","","","","","","","","","","","","","","","","","","","","","","","","","","","","","","","","","","","","","","","","","","","","","","","","","","","","","","","","","","","","","","","","","","","","","","","",""
"56","ilalachance9020","ilalachance9020","ilalachance52@clients.abrupter.com","","2016-08-20 14:23:32","0","ilalachance9020","ilalachance9020","","","","true","false","fresh","0","true","subscriber|1","0","","","","","","","","","","","","","","","","","","","","","","","","","","","","","","","","","","","","","","","","","","","","","","","","","","","","","","","","","","","","","","","","","","","","","","","","","","","","","","","","","","","","","","","","","","","","","","1"
"16","India Today","india-today","indiatoday@politicl.com","","2015-07-10 14:30:15","0","India Today","India Today","","","","true","false","fresh","0","true","author|1","2","wp360_locks,wp390_widgets","","","","","","","","","","","","","","","","","","","","","","","","","","","","","","","","","","","","","","","","","","","","","","","","","","","","","","","","","","","","","","","","","","","","","","","","","","","","","","","","","","","","","","","","","","","","",""
"62","jain_vikram","jain_vikram","vikramjain1988@gmail.com","http://twitter.com/jain_vikram","2016-08-21 11:01:41","0","jain_vikram","jain_vikram","Vikram Jain","","politically inclined, automotive enthusiast","true","false","fresh","0","true","subscriber|1","0","","","","","","","","","","","","","","","","","","","","","","","","","","","","","","","","","","","","","","","","","","","","","","","","","","","","","","","","b25bb0b33a155b4088387d5ce15db998531c0f73a06f8ff2e582ae27d04fd832|expiration||1472993467||ip||110.225.210.202||ua||Mozilla/5.0(Linux;Android6.0.1;ONEA2003Build/MMB29M)AppleWebKit/537.36(KHTML,likeGecko)Chrome/52.0.2743.98MobileSafari/537.36||login||1471783867","","","","","","","","","","","Twitter","","","","","","","","","","","","","","","","","","","","","","","post-33838|33838|post-33817|33817","2","","http://pbs.twimg.com/profile_images/463987830591475712/GjDkI_Il.jpeg",""
"63","jaredcarrion0","jaredcarrion0","jaredcarrion42@hit.emific.com","","2016-08-21 11:19:09","0","jaredcarrion0","jaredcarrion0","","","","true","false","fresh","0","true","subscriber|1","0","","","","","","","","","","","","","","","","","","","","","","","","","","","","","","","","","","","","","","","","","","","","","","","","","","","","","","","","","","","","","","","","","","","","","","","","","","","","","","","","","","","","","","","","","","","","","","1"
"60","karinadoe70","karinadoe70","nei2379640gjo@163.com","","2016-08-20 17:54:50","0","karinadoe70","karinadoe70","","","","true","false","fresh","0","true","subscriber|1","0","","","","","","","","","","","","","","","","","","","","","","","","","","","","","","","","","","","","","","","","","","","","","","","","","","","","","","","","","","","","","","","","","","","","","","","","","","","","","","","","","","","","","","","","","","","","","","1"
"51","lala brar","lala-brar","lalabrar64@gmail.com","","2016-08-16 04:21:07","0","lala brar","lala brar","","","","true","false","sunrise","0","true","subscriber|1","0","","","","","","unfold=0&amp;amp;mfold=o","1471321685","","","","","","","","","","","","","","","","","","","","","","","","","","","","","","","","","","","","","","","","","","","","","","","","","e6806aa57957653c800cd856ec0c9b264643020d4f60cc537def09dceab28a43|expiration||1472531262||ip||103.195.47.180||ua||Mozilla/5.0(WindowsNT10.0;Win64;x64)AppleWebKit/537.36(KHTML,likeGecko)Chrome/52.0.2743.116Safari/537.36||login||1471321662|ce35bb222b7e932e51d7947e6f1f275ed3913fddb0175d90040281f4e130fb86|e6806aa57957653c800cd856ec0c9b264643020d4f60cc537def09dceab28a43|expiration||1472531262||ip||103.195.47.180||ua||Mozilla/5.0(WindowsNT10.0;Win64;x64)AppleWebKit/537.36(KHTML,likeGecko)Chrome/52.0.2743.116Safari/537.36||login||1471321662||expiration||1471702434||ip||117.214.151.225||ua||Mozilla/5.0(WindowsNT10.0;Win64;x64)AppleWebKit/537.36(KHTML,likeGecko)Chrome/52.0.2743.116Safari/537.36||login||1471529634","","","","","","","","","","","","","","","","","","","","","","","","","","","","","","","","","","","","","",""
"14","Livemint","livemint","livemint@politicl.com","","2015-07-10 14:13:38","0","Livemint","Livemint","","","","true","false","fresh","0","true","author|1","2","wp360_locks,wp390_widgets","","","","","","","","","","","","","","","","","","","","","","","","","","","","","","","","","","","","","","","","","","","","","","","","","","","","","","","","","","","","","","","","","","","","","","","","","","","","","","","","","","","","","","","","","","","","",""
"53","margaritagage29","margaritagage29","margaritagage28@clients.abrupter.com","","2016-08-19 03:25:12","0","margaritagage29","margaritagage29","","","","true","false","fresh","0","true","subscriber|1","0","","","","","","","","","","","","","","","","","","","","","","","","","","","","","","","","","","","","","","","","","","","","","","","","","","","","","","","","","","","","","","","","","","","","","","","","","","","","","","","","","","","","","","","","","","","","","","1"
"7","NDTV","ndtv","ndtv@politicl.com","","2015-07-07 12:54:15","0","NDTV","NDTV","","","","true","false","fresh","0","true","author|1","2","wp360_locks,wp390_widgets","","","","","","","","","","","","","","","","","","","","","","","","","","","","","","","","","","","","","","","","","","","","","","","","","","","","","","","","","","","","","","","","","","","","","","","","","","","","","","","","","","","","","","","","","","","","",""
"39","News18","news18","news18@politicl.com","","2016-04-22 08:12:35","0","News18","News18","","","","true","false","fresh","0","true","author|1","2","","","","","","","","","","","","","","","","","","","","","","","","","","","","","","","","","","","","","","","","","","","","","","","","","","","","","","","","","","","","","","","","","","","","","","","","","","","","","","","","","","","","","","","","","","","","","",""
"32","Niti Central","niti-central","niticentral@politicl.com","","2015-09-20 21:00:45","0","Niti Central","Niti Central","","","","true","false","fresh","0","true","author|1","2","wp360_locks,wp390_widgets","","","","","","","","","","","","","","","","","","","","","","","","","","","","","","","","","","","","","","","","","","","","","","","","","","","","","","","","","","","","","","","","","","","","","","","","","","","","","","","","","","","","","","","","","","","","",""
"20","Outlook","outlook","outlook@politicl.com","","2015-07-13 09:20:17","0","Outlook","Outlook","","","","true","false","fresh","0","true","author|1","2","wp360_locks,wp390_widgets","","","","","","","","","","","","","","","","","","","","","","","","","","","","","","","","","","","","","","","","","","","","","","","","","","","","","","","","","","","","","","","","","","","","","","","","","","","","","","","","","","","","","","","","","","","","",""
"41","pusher","pusher","pusher@politicl.com","","2016-06-09 10:34:37","0","pusher","pusher","","","","true","false","fresh","0","true","administrator|1","10","","","25858","","","","","","","","","","","","","","","","","","","","","","","","","","","","","","","","","","","","","","","","","","","","","","","","","","","","","2c5e2297efcb75564656e93802da25ce2494aff91910fabeeea4c47d9a7d4808|expiration||1472398920||ip||104.236.77.182||ua||Mozilla/5.0(Macintosh;IntelMacOSX10_11_6)AppleWebKit/537.36(KHTML,likeGecko)Chrome/52.0.2743.116Safari/537.36||login||1471189320|6371cbe6e17a8e1e667646b9b74d941f5d7d6c9e8f7a3b89a489530688c6e952|2c5e2297efcb75564656e93802da25ce2494aff91910fabeeea4c47d9a7d4808|expiration||1472398920||ip||104.236.77.182||ua||Mozilla/5.0(Macintosh;IntelMacOSX10_11_6)AppleWebKit/537.36(KHTML,likeGecko)Chrome/52.0.2743.116Safari/537.36||login||1471189320||expiration||1472977039||ip||153.37.147.35||ua||Mozilla/5.0(Macintosh;IntelMacOSX10_11_6)AppleWebKit/537.36(KHTML,likeGecko)Chrome/52.0.2743.116Safari/537.36||login||1471767439|2b09d2740e5cd93c4acdf14ac3304895069013a5373636eccac3b97f833064c6|2c5e2297efcb75564656e93802da25ce2494aff91910fabeeea4c47d9a7d4808|expiration||1472398920||ip||104.236.77.182||ua||Mozilla/5.0(Macintosh;IntelMacOSX10_11_6)AppleWebKit/537.36(KHTML,likeGecko)Chrome/52.0.2743.116Safari/537.36||login||1471189320|6371cbe6e17a8e1e667646b9b74d941f5d7d6c9e8f7a3b89a489530688c6e952|2c5e2297efcb75564656e93802da25ce2494aff91910fabeeea4c47d9a7d4808|expiration||1472398920||ip||104.236.77.182||ua||Mozilla/5.0(Macintosh;IntelMacOSX10_11_6)AppleWebKit/537.36(KHTML,likeGecko)Chrome/52.0.2743.116Safari/537.36||login||1471189320||expiration||1472977039||ip||153.37.147.35||ua||Mozilla/5.0(Macintosh;IntelMacOSX10_11_6)AppleWebKit/537.36(KHTML,likeGecko)Chrome/52.0.2743.116Safari/537.36||login||1471767439||expiration||1472987034||ip||104.236.77.182||ua||Mozilla/5.0(Macintosh;IntelMacOSX10_11_6)AppleWebKit/537.36(KHTML,likeGecko)Chrome/52.0.2743.116Safari/537.36||login||1471777434","","","","","","","","","","","","","","","","","","0|postexcerpt|1|trackbacksdiv|2|postcustom|3|commentstatusdiv|4|slugdiv|5|authordiv","","","","","","","","","","","","","","","","","","0|message||Don&amp;#039;tmissyourcrawlerrors:connectwithGoogleSearchConsolehere&amp;lt;/a&amp;gt;.||options||message||Don&amp;#039;tmissyourcrawlerrors:connectwithGoogleSearchConsolehere&amp;lt;/a&amp;gt;.|||type|||warning|||id|||wpseo-dismiss-gsc|||nonce||||||priority|||0.5|||data_json|||message||Don&amp;#039;tmissyourcrawlerrors:connectwithGoogleSearchConsolehere&amp;lt;/a&amp;gt;.|||type|||warning|||id|||wpseo-dismiss-gsc|||nonce||||||priority|||0.5|||dismissal_key||||||capabilities|||manage_options|||capability_check|||all","",""
"1","r00tus3r","r00tus3r","sidharth@politicl.com","","2014-12-23 00:01:59","0","r00tus3r","r00tus3r","","","","true","false","fresh","0","true","administrator|1|wpcf_custom_post_type_view|1|wpcf_custom_post_type_edit|1|wpcf_custom_post_type_edit_others|1|wpcf_custom_taxonomy_view|1|wpcf_custom_taxonomy_edit|1|wpcf_custom_taxonomy_edit_others|1|wpcf_custom_field_view|1|wpcf_custom_field_edit|1|wpcf_custom_field_edit_others|1|wpcf_user_meta_field_view|1|wpcf_user_meta_field_edit|1|wpcf_user_meta_field_edit_others|1","10","wp360_locks,wp390_widgets,wp410_dfw,wprss_tracking_pointer,vc_pointers_backend_editor,aioseop_menu_220,aioseop_welcome_220,vc_columns_pointer","0","25859","","0|dashboard_activity|1|Hotjar|2|dashboard_quick_press|3|dashboard_primary","editor=html&amp;amp;libraryContent=browse&amp;amp;imgsize=full&amp;amp;posts_list_mode=list&amp;amp;hidetb=1&amp;amp;post_dfw=off&amp;amp;mfold=o&amp;amp;edit_element_vcUIPanelWidth=650&amp;amp;edit_element_vcUIPanelLeft=640px&amp;amp;edit_element_vcUIPanelTop=74px","1468177108","1433589344|action||login|1434192796|1433589344|action||login||action||login|1434352932|1433589344|action||login|1434192796|1433589344|action||login||action||login||action||login|1434364158|1433589344|action||login|1434192796|1433589344|action||login||action||login|1434352932|1433589344|action||login|1434192796|1433589344|action||login||action||login||action||login||action||login|1434372782|1433589344|action||login|1434192796|1433589344|action||login||action||login|1434352932|1433589344|action||login|1434192796|1433589344|action||login||action||login||action||login|1434364158|1433589344|action||login|1434192796|1433589344|action||login||action||login|1434352932|1433589344|action||login|1434192796|1433589344|action||login||action||login||action||login||action||login||action||login|1434603700|1433589344|action||login|1434192796|1433589344|action||login||action||login|1434352932|1433589344|action||login|1434192796|1433589344|action||login||action||login||action||login|1434364158|1433589344|action||login|1434192796|1433589344|action||login||action||login|1434352932|1433589344|action||login|1434192796|1433589344|action||login||action||login||action||login||action||login|1434372782|1433589344|action||login|1434192796|1433589344|action||login||action||login|1434352932|1433589344|action||login|1434192796|1433589344|action||login||action||login||action||login|1434364158|1433589344|action||login|1434192796|1433589344|action||login||action||login|1434352932|1433589344|action||login|1434192796|1433589344|action||login||action||login||action||login||action||login||action||login||action||login|1435204202|1433589344|action||login|1434192796|1433589344|action||login||action||login|1434352932|1433589344|action||login|1434192796|1433589344|action||login||action||login||action||login|1434364158|1433589344|action||login|1434192796|1433589344|action||login||action||login|1434352932|1433589344|action||login|1434192796|1433589344|action||login||action||login||action||login||action||login|1434372782|1433589344|action||login|1434192796|1433589344|action||login||action||login|1434352932|1433589344|action||login|1434192796|1433589344|action||login||action||login||action||login|1434364158|1433589344|action||login|1434192796|1433589344|action||login||action||login|1434352932|1433589344|action||login|1434192796|1433589344|action||login||action||login||action||login||action||login||action||login|1434603700|1433589344|action||login|1434192796|1433589344|action||login||action||login|1434352932|1433589344|action||login|1434192796|1433589344|action||login||action||login||action||login|1434364158|1433589344|action||login|1434192796|1433589344|action||login||action||login|1434352932|1433589344|action||login|1434192796|1433589344|action||login||action||login||action||login||action||login|1434372782|1433589344|action||login|1434192796|1433589344|action||login||action||login|1434352932|1433589344|action||login|1434192796|1433589344|action||login||action||login||action||login|1434364158|1433589344|action||login|1434192796|1433589344|action||login||action||login|1434352932|1433589344|action||login|1434192796|1433589344|action||login||action||login||action||login||action||login||action||login||action||login||action||login|1436082896|1433589344|action||login|1434192796|1433589344|action||login||action||login|1434352932|1433589344|action||login|1434192796|1433589344|action||login||action||login||action||login|1434364158|1433589344|action||login|1434192796|1433589344|action||login||action||login|1434352932|1433589344|action||login|1434192796|1433589344|action||login||action||login||action||login||action||login|1434372782|1433589344|action||login|1434192796|1433589344|action||login||action||login|1434352932|1433589344|action||login|1434192796|1433589344|action||login||action||login||action||login|1434364158|1433589344|action||login|1434192796|1433589344|action||login||action||login|1434352932|1433589344|action||login|1434192796|1433589344|action||login||action||login||action||login||action||login||action||login|1434603700|1433589344|action||login|1434192796|1433589344|action||login||action||login|1434352932|1433589344|action||login|1434192796|1433589344|action||login||action||login||action||login|1434364158|1433589344|action||login|1434192796|1433589344|action||login||action||login|1434352932|1433589344|action||login|1434192796|1433589344|action||login||action||login||action||login||action||login|1434372782|1433589344|action||login|1434192796|1433589344|action||login||action||login|1434352932|1433589344|action||login|1434192796|1433589344|action||login||action||login||action||login|1434364158|1433589344|action||login|1434192796|1433589344|action||login||action||login|1434352932|1433589344|action||login|1434192796|1433589344|action||login||action||login||action||login||action||login||action||login||action||login|1435204202|1433589344|action||login|1434192796|1433589344|action||login||action||login|1434352932|1433589344|action||login|1434192796|1433589344|action||login||action||login||action||login|1434364158|1433589344|action||login|1434192796|1433589344|action||login||action||login|1434352932|1433589344|action||login|1434192796|1433589344|action||login||action||login||action||login||action||login|1434372782|1433589344|action||login|1434192796|1433589344|action||login||action||login|1434352932|1433589344|action||login|1434192796|1433589344|action||login||action||login||action||login|1434364158|1433589344|action||login|1434192796|1433589344|action||login||action||login|1434352932|1433589344|action||login|1434192796|1433589344|action||login||action||login||action||login||action||login||action||login|1434603700|1433589344|action||login|1434192796|1433589344|action||login||action||login|1434352932|1433589344|action||login|1434192796|1433589344|action||login||action||login||action||login|1434364158|1433589344|action||login|1434192796|1433589344|action||login||action||login|1434352932|1433589344|action||login|1434192796|1433589344|action||login||action||login||action||login||action||login|1434372782|1433589344|action||login|1434192796|1433589344|action||login||action||login|1434352932|1433589344|action||login|1434192796|1433589344|action||login||action||login||action||login|1434364158|1433589344|action||login|1434192796|1433589344|action||login||action||login|1434352932|1433589344|action||login|1434192796|1433589344|action||login||action||login||action||login||action||login||action||login||action||login||action||login||action||login","1","","","","1","0|td_post_video_metabox|1|types-information-table|2|wpseo_meta|3|td_post_theme_settings_metabox","","","","","","","","","","","","","","","","","","","","","","","","","","","","","","","","","","","","","","","","","","65bc5c4fc3cc853c8dd41dd1dc2aecd965a0d24a61a0567247712fe59e8f424f|expiration||1472989144||ip||110.225.210.202||ua||Mozilla/5.0(Macintosh;IntelMacOSX10_11_6)AppleWebKit/537.36(KHTML,likeGecko)Chrome/51.0.2704.106Safari/537.36||login||1471779544|e494a04ccc1ed804b0438be58aa48931a83d8207ddf8634eed82afb6bc95340f|65bc5c4fc3cc853c8dd41dd1dc2aecd965a0d24a61a0567247712fe59e8f424f|expiration||1472989144||ip||110.225.210.202||ua||Mozilla/5.0(Macintosh;IntelMacOSX10_11_6)AppleWebKit/537.36(KHTML,likeGecko)Chrome/51.0.2704.106Safari/537.36||login||1471779544||expiration||1472020143||ip||122.173.152.165||ua||Mozilla/5.0(Macintosh;IntelMacOSX10_11_5)AppleWebKit/601.6.17(KHTML,likeGecko)Version/9.1.1Safari/601.6.17||login||1471847343","0|wpcf-marketing","0|slugdiv","normal|dashboard_activity,gadwp-widget|side|dashboard_quick_press,dashboard_right_now,dashboard_primary|column3||column4|","2","0|link-target|1|css-classes|2|xfn|3|description","0|add-post|1|add-politician|2|add-x-portfolio|3|add-post_tag|4|add-post_format|5|add-party|6|add-constituency|7|add-portfolio-tag|8|add-portfolio-category","0","10|fieldset-politician-financial-year||1|10412|10|fieldset-politician-financial-year||1||fieldset-source-name||1||source-name_conditional_display||1||fieldset-source-url||1","","","","132","","","","","side|submitdiv,formatdiv,categorydiv,tagsdiv-post_tag,xmlsf_section,xmlsf_news_section,td_post_video_metabox,postimagediv|normal|td_post_theme_settings_metabox,postexcerpt,trackbacksdiv,custom-source,postcustom,commentstatusdiv,commentsdiv,slugdiv,authordiv|advanced|","0|td_post_theme_settings_metabox|1|postexcerpt|2|trackbacksdiv|3|postcustom|4|commentstatusdiv|5|slugdiv","side|submitdiv,pageparentdiv,postimagediv|normal|wpb_visual_composer,td_page_metabox,td_homepage_loop_metabox,wpseo_meta,postcustom,commentstatusdiv,commentsdiv,slugdiv,authordiv|advanced|","200","26942707","","","1","seen","0|types_labels|1|types_options","","","2","3.2.5","","1","id|0|expires|1471291241","post-25848|25848|post-25843|25843|post-25854|25854|post-29005|29005|post-31536|31536|post-31107|31107|post-31557|31557|post-31554|31554|post-31551|31551|post-32306|32306|post-32279|32279|post-33035|33035","12","","",""
"36","Rediff.com","rediff-com","rediffdotcom@politicl.com","","2015-10-03 17:03:41","0","Rediff.com","Rediff.com","","","","true","false","fresh","0","true","author|1","2","wp360_locks,wp390_widgets","","","","","","","","","","","","","","","","","","","","","","","","","","","","","","","","","","","","","","","","","","","","","","","","","","","","","","","","","","","","","","","","","","","","","","","","","","","","","","","","","","","","","","","","","","","","",""
"34","Reuters","reuters","reuters@politicl.com","","2015-09-27 19:06:39","0","Reuters","Reuters","","","","true","false","fresh","0","true","author|1","2","wp360_locks,wp390_widgets","","","","","","","","","","","","","","","","","","","","","","","","","","","","","","","","","","","","","","","","","","","","","","","","","","","","","","","","","","","","","","","","","","","","","","","","","","","","","","","","","","","","","","","","","","","","",""
"23","Scroll.in","scroll-in","scroll.in@politicl.com","","2015-07-13 09:49:54","0","Scroll.in","Scroll.in","","","","true","false","fresh","0","true","author|1","2","wp360_locks,wp390_widgets","","","","","","","","","","","","","","","","","","","","","","","","","","","","","","","","","","","","","","","","","","","","","","","","","","","","","","","","","","","","","","","","","","","","","","","","","","","","","","","","","","","","","","","","","","","","",""
"28","shubh","shubh","shubham.karwal@gmail.com","","2015-07-20 15:17:44","0","Shubham Karwal","shubh","Shubham","Karwal","","true","false","fresh","0","true","editor|1","7","wp360_locks,wp390_widgets,wp410_dfw,vc_pointers_backend_editor,vc_columns_pointer","","8844","","","libraryContent=browse&amp;amp;editor=html","1437407078","","","","","","","0|xmlsf_section|1|td_smart_list_metabox|2|td_review_metabox|3|slugdiv","","","","","","","","","","","","","","","","","","","","","","","","","","","","","","","","","","","","","","","","","","3fb0a76344f434babed9caa39b36c101becb3e65975feff0c8498647d998ba0e|expiration||1442661975||ip||122.173.183.150||ua||Mozilla/5.0(WindowsNT6.3;WOW64)AppleWebKit/537.36(KHTML,likeGecko)Chrome/45.0.2454.85Safari/537.36||login||1442489175","","","","2","","","","","","0|wpb_visual_composer|1|td_homepage_loop_metabox|2|td_homepage_loop_filter_metabox|3|postcustom|4|commentstatusdiv","","","","","","","side|submitdiv,formatdiv,categorydiv,xmlsf_section,tagsdiv-post_tag,td_post_video_metabox,postimagediv|normal|td_post_theme_settings_metabox,td_smart_list_metabox,td_review_metabox,postexcerpt,trackbacksdiv,postcustom,commentstatusdiv,slugdiv,authordiv|advanced|","0|postexcerpt|1|trackbacksdiv|2|postcustom|3|commentstatusdiv","","","","","","","","","","","","","","","","","","","",""
"49","Sidharth_Karwal","sidharth_karwal","sidharth.karwal@gmail.com","https://www.facebook.com/app_scoped_user_id/1177953265601590/","2016-08-15 19:29:42","0","Sidharth Karwal","Sidharth_Karwal","Sidharth","Karwal","","true","false","fresh","0","true","subscriber|1","0","","","","","","","","","","","","","","","","","","","","","","","","","","","","","","","","","","","","","","","","","","","","","","","","","","","","","","","","","","","","","","","","","","","Facebook","","","","","","","","","","","","","","","","","","","","","","","post-25848|25848|post-25843|25843|post-25837|25837|post-25854|25854","4","","https://graph.facebook.com/1177953265601590/picture?width=150&amp;amp;height=150",""
"31","tarana","tarana","tarana@politicl.com","","2015-09-19 12:59:22","0","tarana","tarana","","","","true","false","fresh","0","true","editor|1","7","wp360_locks,wp390_widgets,wp410_dfw","","22833","0|dashboard_activity","","libraryContent=browse&amp;amp;editor=html&amp;amp;posts_list_mode=list&amp;amp;wplink=1&amp;amp;hidetb=0","1469206088","","","","","","","","","","","","","","","","","","","","","","","","","","","","","","","","","","","","","","","","","","","","","","","","","0de16ad68e233dd29b25a3635550b97274a9e0aaddc4f5a87ac0b5bbb5b152c3|expiration||1469443509||ip||116.74.43.158||ua||Mozilla/5.0(Macintosh;IntelMacOSX10_11_4)AppleWebKit/537.36(KHTML,likeGecko)Chrome/51.0.2704.103Safari/537.36||login||1469270709|067d516931f350c854e0a4e5f4e3134890726edffbcba302220597c1a9fc594f|0de16ad68e233dd29b25a3635550b97274a9e0aaddc4f5a87ac0b5bbb5b152c3|expiration||1469443509||ip||116.74.43.158||ua||Mozilla/5.0(Macintosh;IntelMacOSX10_11_4)AppleWebKit/537.36(KHTML,likeGecko)Chrome/51.0.2704.103Safari/537.36||login||1469270709||expiration||1469514483||ip||116.74.43.158||ua||Mozilla/5.0(Macintosh;IntelMacOSX10_11_4)AppleWebKit/537.36(KHTML,likeGecko)Chrome/51.0.2704.103Safari/537.36||login||1469341683|91ad74d495d67021186914134c6a4202bb604e377da6332d5fab7400016b8750|0de16ad68e233dd29b25a3635550b97274a9e0aaddc4f5a87ac0b5bbb5b152c3|expiration||1469443509||ip||116.74.43.158||ua||Mozilla/5.0(Macintosh;IntelMacOSX10_11_4)AppleWebKit/537.36(KHTML,likeGecko)Chrome/51.0.2704.103Safari/537.36||login||1469270709|067d516931f350c854e0a4e5f4e3134890726edffbcba302220597c1a9fc594f|0de16ad68e233dd29b25a3635550b97274a9e0aaddc4f5a87ac0b5bbb5b152c3|expiration||1469443509||ip||116.74.43.158||ua||Mozilla/5.0(Macintosh;IntelMacOSX10_11_4)AppleWebKit/537.36(KHTML,likeGecko)Chrome/51.0.2704.103Safari/537.36||login||1469270709||expiration||1469514483||ip||116.74.43.158||ua||Mozilla/5.0(Macintosh;IntelMacOSX10_11_4)AppleWebKit/537.36(KHTML,likeGecko)Chrome/51.0.2704.103Safari/537.36||login||1469341683||expiration||1469514485||ip||116.74.43.158||ua||Mozilla/5.0(Macintosh;IntelMacOSX10_11_4)AppleWebKit/537.36(KHTML,likeGecko)Chrome/51.0.2704.103Safari/537.36||login||1469341685|8736ce78049651dea87d94fb33b6510a867f51a0cdacf49cfe73bcbed7a85519|0de16ad68e233dd29b25a3635550b97274a9e0aaddc4f5a87ac0b5bbb5b152c3|expiration||1469443509||ip||116.74.43.158||ua||Mozilla/5.0(Macintosh;IntelMacOSX10_11_4)AppleWebKit/537.36(KHTML,likeGecko)Chrome/51.0.2704.103Safari/537.36||login||1469270709|067d516931f350c854e0a4e5f4e3134890726edffbcba302220597c1a9fc594f|0de16ad68e233dd29b25a3635550b97274a9e0aaddc4f5a87ac0b5bbb5b152c3|expiration||1469443509||ip||116.74.43.158||ua||Mozilla/5.0(Macintosh;IntelMacOSX10_11_4)AppleWebKit/537.36(KHTML,likeGecko)Chrome/51.0.2704.103Safari/537.36||login||1469270709||expiration||1469514483||ip||116.74.43.158||ua||Mozilla/5.0(Macintosh;IntelMacOSX10_11_4)AppleWebKit/537.36(KHTML,likeGecko)Chrome/51.0.2704.103Safari/537.36||login||1469341683|91ad74d495d67021186914134c6a4202bb604e377da6332d5fab7400016b8750|0de16ad68e233dd29b25a3635550b97274a9e0aaddc4f5a87ac0b5bbb5b152c3|expiration||1469443509||ip||116.74.43.158||ua||Mozilla/5.0(Macintosh;IntelMacOSX10_11_4)AppleWebKit/537.36(KHTML,likeGecko)Chrome/51.0.2704.103Safari/537.36||login||1469270709|067d516931f350c854e0a4e5f4e3134890726edffbcba302220597c1a9fc594f|0de16ad68e233dd29b25a3635550b97274a9e0aaddc4f5a87ac0b5bbb5b152c3|expiration||1469443509||ip||116.74.43.158||ua||Mozilla/5.0(Macintosh;IntelMacOSX10_11_4)AppleWebKit/537.36(KHTML,likeGecko)Chrome/51.0.2704.103Safari/537.36||login||1469270709||expiration||1469514483||ip||116.74.43.158||ua||Mozilla/5.0(Macintosh;IntelMacOSX10_11_4)AppleWebKit/537.36(KHTML,likeGecko)Chrome/51.0.2704.103Safari/537.36||login||1469341683||expiration||1469514485||ip||116.74.43.158||ua||Mozilla/5.0(Macintosh;IntelMacOSX10_11_4)AppleWebKit/537.36(KHTML,likeGecko)Chrome/51.0.2704.103Safari/537.36||login||1469341685||expiration||1469534609||ip||59.178.200.23||ua||Mozilla/5.0(WindowsNT6.1)AppleWebKit/537.36(KHTML,likeGecko)Chrome/51.0.2704.106Safari/537.36||login||1469361809|e985e2e8f1bcbd5395b9176401cb8fe3045cb9f0c7925572fa7eabce627c9345|0de16ad68e233dd29b25a3635550b97274a9e0aaddc4f5a87ac0b5bbb5b152c3|expiration||1469443509||ip||116.74.43.158||ua||Mozilla/5.0(Macintosh;IntelMacOSX10_11_4)AppleWebKit/537.36(KHTML,likeGecko)Chrome/51.0.2704.103Safari/537.36||login||1469270709|067d516931f350c854e0a4e5f4e3134890726edffbcba302220597c1a9fc594f|0de16ad68e233dd29b25a3635550b97274a9e0aaddc4f5a87ac0b5bbb5b152c3|expiration||1469443509||ip||116.74.43.158||ua||Mozilla/5.0(Macintosh;IntelMacOSX10_11_4)AppleWebKit/537.36(KHTML,likeGecko)Chrome/51.0.2704.103Safari/537.36||login||1469270709||expiration||1469514483||ip||116.74.43.158||ua||Mozilla/5.0(Macintosh;IntelMacOSX10_11_4)AppleWebKit/537.36(KHTML,likeGecko)Chrome/51.0.2704.103Safari/537.36||login||1469341683|91ad74d495d67021186914134c6a4202bb604e377da6332d5fab7400016b8750|0de16ad68e233dd29b25a3635550b97274a9e0aaddc4f5a87ac0b5bbb5b152c3|expiration||1469443509||ip||116.74.43.158||ua||Mozilla/5.0(Macintosh;IntelMacOSX10_11_4)AppleWebKit/537.36(KHTML,likeGecko)Chrome/51.0.2704.103Safari/537.36||login||1469270709|067d516931f350c854e0a4e5f4e3134890726edffbcba302220597c1a9fc594f|0de16ad68e233dd29b25a3635550b97274a9e0aaddc4f5a87ac0b5bbb5b152c3|expiration||1469443509||ip||116.74.43.158||ua||Mozilla/5.0(Macintosh;IntelMacOSX10_11_4)AppleWebKit/537.36(KHTML,likeGecko)Chrome/51.0.2704.103Safari/537.36||login||1469270709||expiration||1469514483||ip||116.74.43.158||ua||Mozilla/5.0(Macintosh;IntelMacOSX10_11_4)AppleWebKit/537.36(KHTML,likeGecko)Chrome/51.0.2704.103Safari/537.36||login||1469341683||expiration||1469514485||ip||116.74.43.158||ua||Mozilla/5.0(Macintosh;IntelMacOSX10_11_4)AppleWebKit/537.36(KHTML,likeGecko)Chrome/51.0.2704.103Safari/537.36||login||1469341685|8736ce78049651dea87d94fb33b6510a867f51a0cdacf49cfe73bcbed7a85519|0de16ad68e233dd29b25a3635550b97274a9e0aaddc4f5a87ac0b5bbb5b152c3|expiration||1469443509||ip||116.74.43.158||ua||Mozilla/5.0(Macintosh;IntelMacOSX10_11_4)AppleWebKit/537.36(KHTML,likeGecko)Chrome/51.0.2704.103Safari/537.36||login||1469270709|067d516931f350c854e0a4e5f4e3134890726edffbcba302220597c1a9fc594f|0de16ad68e233dd29b25a3635550b97274a9e0aaddc4f5a87ac0b5bbb5b152c3|expiration||1469443509||ip||116.74.43.158||ua||Mozilla/5.0(Macintosh;IntelMacOSX10_11_4)AppleWebKit/537.36(KHTML,likeGecko)Chrome/51.0.2704.103Safari/537.36||login||1469270709||expiration||1469514483||ip||116.74.43.158||ua||Mozilla/5.0(Macintosh;IntelMacOSX10_11_4)AppleWebKit/537.36(KHTML,likeGecko)Chrome/51.0.2704.103Safari/537.36||login||1469341683|91ad74d495d67021186914134c6a4202bb604e377da6332d5fab7400016b8750|0de16ad68e233dd29b25a3635550b97274a9e0aaddc4f5a87ac0b5bbb5b152c3|expiration||1469443509||ip||116.74.43.158||ua||Mozilla/5.0(Macintosh;IntelMacOSX10_11_4)AppleWebKit/537.36(KHTML,likeGecko)Chrome/51.0.2704.103Safari/537.36||login||1469270709|067d516931f350c854e0a4e5f4e3134890726edffbcba302220597c1a9fc594f|0de16ad68e233dd29b25a3635550b97274a9e0aaddc4f5a87ac0b5bbb5b152c3|expiration||1469443509||ip||116.74.43.158||ua||Mozilla/5.0(Macintosh;IntelMacOSX10_11_4)AppleWebKit/537.36(KHTML,likeGecko)Chrome/51.0.2704.103Safari/537.36||login||1469270709||expiration||1469514483||ip||116.74.43.158||ua||Mozilla/5.0(Macintosh;IntelMacOSX10_11_4)AppleWebKit/537.36(KHTML,likeGecko)Chrome/51.0.2704.103Safari/537.36||login||1469341683||expiration||1469514485||ip||116.74.43.158||ua||Mozilla/5.0(Macintosh;IntelMacOSX10_11_4)AppleWebKit/537.36(KHTML,likeGecko)Chrome/51.0.2704.103Safari/537.36||login||1469341685||expiration||1469534609||ip||59.178.200.23||ua||Mozilla/5.0(WindowsNT6.1)AppleWebKit/537.36(KHTML,likeGecko)Chrome/51.0.2704.106Safari/537.36||login||1469361809||expiration||1469604237||ip||59.144.162.88||ua||Mozilla/5.0(WindowsNT6.1)AppleWebKit/537.36(KHTML,likeGecko)Chrome/51.0.2704.106Safari/537.36||login||1469431437","","","normal|dashboard_right_now,Hotjar,jetpack_summary_widget,gadwp-widget,wpseo-dashboard-overview|side|dashboard_quick_press,dashboard_primary,dashboard_activity|column3||column4|","2","","","","","","","","","","","","","side|submitdiv,categorydiv,formatdiv,tagsdiv-post_tag,td_post_video_metabox,postimagediv|normal|postexcerpt,trackbacksdiv,postcustom,wpseo_meta,td_post_theme_settings_metabox,authordiv,commentstatusdiv,slugdiv|advanced|custom-source","0|formatdiv|1|tagsdiv-post_tag|2|td_post_video_metabox|3|postexcerpt|4|trackbacksdiv|5|postcustom|6|td_post_theme_settings_metabox|7|commentstatusdiv|8|slugdiv","","","","","","1","","","","","","","","","","","","0|message||Don&amp;#039;tmissyourcrawlerrors:connectwithGoogleSearchConsolehere&amp;lt;/a&amp;gt;.||options||message||Don&amp;#039;tmissyourcrawlerrors:connectwithGoogleSearchConsolehere&amp;lt;/a&amp;gt;.|||type|||warning|||id|||wpseo-dismiss-gsc|||nonce||||||priority|||0.5|||data_json|||message||Don&amp;#039;tmissyourcrawlerrors:connectwithGoogleSearchConsolehere&amp;lt;/a&amp;gt;.|||type|||warning|||id|||wpseo-dismiss-gsc|||nonce||||||priority|||0.5|||dismissal_key||||||capabilities|||manage_options|||capability_check|||all|1|0|message||Don&amp;#039;tmissyourcrawlerrors:connectwithGoogleSearchConsolehere&amp;lt;/a&amp;gt;.||options||message||Don&amp;#039;tmissyourcrawlerrors:connectwithGoogleSearchConsolehere&amp;lt;/a&amp;gt;.|||type|||warning|||id|||wpseo-dismiss-gsc|||nonce||||||priority|||0.5|||data_json|||message||Don&amp;#039;tmissyourcrawlerrors:connectwithGoogleSearchConsolehere&amp;lt;/a&amp;gt;.|||type|||warning|||id|||wpseo-dismiss-gsc|||nonce||||||priority|||0.5|||dismissal_key||||||capabilities|||manage_options|||capability_check|||all||message||YoastSEOhasbeenupdatedtoversion3.3.4.Clickhere&amp;lt;/a&amp;gt;tofindoutwhat&amp;#039;snew!||options||0|message||Don&amp;#039;tmissyourcrawlerrors:connectwithGoogleSearchConsolehere&amp;lt;/a&amp;gt;.||options||message||Don&amp;#039;tmissyourcrawlerrors:connectwithGoogleSearchConsolehere&amp;lt;/a&amp;gt;.|||type|||warning|||id|||wpseo-dismiss-gsc|||nonce||||||priority|||0.5|||data_json|||message||Don&amp;#039;tmissyourcrawlerrors:connectwithGoogleSearchConsolehere&amp;lt;/a&amp;gt;.|||type|||warning|||id|||wpseo-dismiss-gsc|||nonce||||||priority|||0.5|||dismissal_key||||||capabilities|||manage_options|||capability_check|||all||message||YoastSEOhasbeenupdatedtoversion3.3.4.Clickhere&amp;lt;/a&amp;gt;tofindoutwhat&amp;#039;snew!|||type|||updated|||id|||wpseo-dismiss-about|||nonce||||||priority|||0.5|||data_json|||0|message||Don&amp;#039;tmissyourcrawlerrors:connectwithGoogleSearchConsolehere&amp;lt;/a&amp;gt;.||options||message||Don&amp;#039;tmissyourcrawlerrors:connectwithGoogleSearchConsolehere&amp;lt;/a&amp;gt;.|||type|||warning|||id|||wpseo-dismiss-gsc|||nonce||||||priority|||0.5|||data_json|||message||Don&amp;#039;tmissyourcrawlerrors:connectwithGoogleSearchConsolehere&amp;lt;/a&amp;gt;.|||type|||warning|||id|||wpseo-dismiss-gsc|||nonce||||||priority|||0.5|||dismissal_key||||||capabilities|||manage_options|||capability_check|||all||message||YoastSEOhasbeenupdatedtoversion3.3.4.Clickhere&amp;lt;/a&amp;gt;tofindoutwhat&amp;#039;snew!|||type|||updated|||id|||wpseo-dismiss-about|||nonce||||||priority|||0.5|||dismissal_key||||||capabilities|||manage_options|||capability_check|||all","",""
"45","Tesla Blog","tesla-blog","teslablog@politicl.com","","2016-07-21 08:56:14","0","Tesla Blog","Tesla Blog","","","","true","false","fresh","0","true","author|1","2","","","","","","","","","","","","","","","","","","","","","","","","","","","","","","","","","","","","","","","","","","","","","","","","","","","","","","","","","","","","","","","","","","","","","","","","","","","","","","","","","","","","","","","1469091374","","","","","","",""
"38","The Conversation","the-conversation","theconversation@politicl.com","","2016-03-09 17:49:10","0","The Conversation","The Conversation","","","","true","false","fresh","0","true","author|1","2","","","","","","","","","","","","","","","","","","","","","","","","","","","","","","","","","","","","","","","","","","","","","","","","","","","","","","","","","","","","","","","","","","","","","","","","","","","","","","","","","","","","","","","","","","","","","",""
"13","The Economic Times","the-economic-times","theeconomictimes@politicl.com","","2015-07-08 13:40:47","0","The Economic Times","The Economic Times","","","","true","false","fresh","0","true","author|1","2","wp360_locks,wp390_widgets","","","","","","","","","","","","","","","","","","","","","","","","","","","","","","","","","","","","","","","","","","","","","","","","","","","","","","","","","","","","","","","","","","","","","","","","","","","","","","","","","","","","","","","","","","","","",""
"10","The Economist","the-economist","theeconomist@politicl.com","","2015-07-08 11:54:19","0","The Economist","The Economist","","","","true","false","fresh","0","true","author|1","2","wp360_locks,wp390_widgets","","","","","","","","","","","","","","","","","","","","","","","","","","","","","","","","","","","","","","","","","","","","","","","","","","","","","","","","","","","","","","","","","","","","","","","","","","","","","","","","","","","","","","","","","","","","",""
"22","The Financial Express","the-financial-express","thefinancialexpress@politicl.com","","2015-07-13 09:40:48","0","The Financial Express","The Financial Express","","","","true","false","fresh","0","true","author|1","2","wp360_locks,wp390_widgets","","","","","","","","","","","","","","","","","","","","","","","","","","","","","","","","","","","","","","","","","","","","","","","","","","","","","","","","","","","","","","","","","","","","","","","","","","","","","","","","","","","","","","","","","","","","",""
"11","The Hindu","the-hindu","thehindu@politicl.com","","2015-07-08 12:02:49","0","The Hindu","The Hindu","","","","true","false","fresh","0","true","author|1","2","wp360_locks,wp390_widgets","","","","","","","","","","","","","","","","","","","","","","","","","","","","","","","","","","","","","","","","","","","","","","","","","","","","","","","","","","","","","","","","","","","","","","","","","","","","","","","","","","","","","","","","","","","","",""
"25","The Hindu BusinessLine","the-hindu-businessline","thehindubusinessline@politicl.com","","2015-07-14 06:32:40","0","The Hindu BusinessLine","The Hindu BusinessLine","","","","true","false","fresh","0","true","author|1","2","wp360_locks,wp390_widgets","","","","","","","","","","","","","","","","","","","","","","","","","","","","","","","","","","","","","","","","","","","","","","","","","","","","","","","","","","","","","","","","","","","","","","","","","","","","","","","","","","","","","","","","","","","","",""
"27","The Huffington Post India","the-huffington-post-india","thehuffingtonpostindia@politicl.com","","2015-07-18 06:55:49","0","The Huffington Post India","The Huffington Post India","","","","true","false","fresh","0","true","author|1","2","wp360_locks,wp390_widgets","","","","","","","","","","","","","","","","","","","","","","","","","","","","","","","","","","","","","","","","","","","","","","","","","","","","","","","","","","","","","","","","","","","","","","","","","","","","","","","","","","","","","","","","","","","","",""
"35","The Indian Economist","the-indian-economist","theindianeconomist@politicl.com","","2015-10-03 16:30:57","0","The Indian Economist","The Indian Economist","","","","true","false","fresh","0","true","author|1","2","wp360_locks,wp390_widgets","","","","","","","","","","","","","","","","","","","","","","","","","","","","","","","","","","","","","","","","","","","","","","","","","","","","","","","","","","","","","","","","","","","","","","","","","","","","","","","","","","","","","","","","","","","","",""
"18","The Indian Express","the-indian-express","theindianexpress@politicl.com","","2015-07-11 06:23:21","0","The Indian Express","The Indian Express","","","","true","false","fresh","0","true","author|1","2","wp360_locks,wp390_widgets","","","","","","","","","","","","","","","","","","","","","","","","","","","","","","","","","","","","","","","","","","","","","","","","","","","","","","","","","","","","","","","","","","","","","","","","","","","","","","","","","","","","","","","","","","","","",""
"30","The Pioneer","the-pioneer","thepioneer@politicl.com","","2015-09-08 14:06:30","0","The Pioneer","The Pioneer","","","","true","false","fresh","0","true","author|1","2","wp360_locks,wp390_widgets","","","","","","","","","","","","","","","","","","","","","","","","","","","","","","","","","","","","","","","","","","","","","","","","","","","","","","","","","","","","","","","","","","","","","","","","","","","","","","","","","","","","","","","","","","","","",""
"12","The Times of India","the-times-of-india","thetimesofindia@politicl.com","","2015-07-08 13:31:41","0","The Times of India","The Times of India","","","","true","false","fresh","0","true","author|1","2","wp360_locks,wp390_widgets","","","","","","","","","","","","","","","","","","","","","","","","","","","","","","","","","","","","","","","","","","","","","","","","","","","","","","","","","","","","","","","","","","","","","","","","","","","","","","","","","","","","","","","","","","","","",""
"19","The Tribune","the-tribune","thetribune@politicl.com","","2015-07-13 08:21:08","0","The Tribune","The Tribune","","","","true","false","fresh","0","true","author|1","2","wp360_locks,wp390_widgets","","","","","","","","","","","","","","","","","","","","","","","","","","","","","","","","","","","","","","","","","","","","","","","","","","","","","","","","","","","","","","","","","","","","","","","","","","","","","","","","","","","","","","","","","","","","",""
"37","The Viewspaper","the-viewspaper","theviewspaper@politicl.com","","2015-10-19 12:38:39","0","The Viewspaper","The Viewspaper","","","","true","false","fresh","0","true","author|1","2","wp360_locks,wp390_widgets","","","","","","","","","","","","","","","","","","","","","","","","","","","","","","","","","","","","","","","","","","","","","","","","","","","","","","","","","","","","","","","","","","","","","","","","","","","","","","","","","","","","","","","","","","","","",""
"43","The Washington Post","the-washington-post","thewashingtonpost@politicl.com","","2016-06-13 07:40:08","0","The Washington Post","The Washington Post","","","","true","false","fresh","0","true","author|1","2","","","","","","","","","","","","","","","","","","","","","","","","","","","","","","","","","","","","","","","","","","","","","","","","","","","","","","","","","","","","","","","","","","","","","","","","","","","","","","","","","","","","","","","","","","","","","",""
"26","The Wire","the-wire","thewire@politicl.com","","2015-07-15 07:40:14","0","The Wire","The Wire","","","","true","false","fresh","0","true","author|1","2","wp360_locks,wp390_widgets","","","","","","","","","","","","","","","","","","","","","","","","","","","","","","","","","","","","","","","","","","","","","","","","","","","","","","","","","","","","","","","","","","","","","","","","","","","","","","","","","","","","","","","","","","","","",""
"46","thenewindianexpress","thenewindianexpress","thenewindianexpress@politicl.com","","2016-07-28 07:00:28","0","thenewindianexpress","thenewindianexpress","","","","true","false","fresh","0","true","author|1","2","","","","","","","","","","","","","","","","","","","","","","","","","","","","","","","","","","","","","","","","","","","","","","","","","","","","","","","","","","","","","","","","","","","","","","","","","","","","","","","","","","","","","","","1469689228","","","","","","",""
"48","thepoliticalindian","thepoliticalindian","thepoliticalindian@politicl.com","","2016-07-28 07:05:50","0","The Political Indian","thepoliticalindian","The","Political Indian","","true","false","fresh","0","true","author|1","2","","","","","","","","","","","","","","","","","","","","","","","","","","","","","","","","","","","","","","","","","","","","","","","","","","","","","","","","","","","","","","","","","","","","","","","","","","","","","","","","","","","","","","","1469689550","","","","","","",""
"47","thetelegraph","thetelegraph","thetelegraph@politicl.com","","2016-07-28 07:04:23","0","The Telegraph","thetelegraph","The","Telegraph","","true","false","fresh","0","true","author|1","2","","","","","","","","","","","","","","","","","","","","","","","","","","","","","","","","","","","","","","","","","","","","","","","","","","","","","","","","","","","","","","","","","","","","","","","","","","","","","","","","","","","","","","","1469689463","","","","","","",""
"44","US Department of State","us-department-of-state","usdepartmentofstate@politicl.com","","2016-07-06 10:06:43","0","US Department of State","US Department of State","","","","true","false","fresh","0","true","author|1","2","","","","","","","","","","","","","","","","","","","","","","","","","","","","","","","","","","","","","","","","","","","","","","","","","","","","","","","","","","","","","","","","","","","","","","","","","","","","","","","","","","","","","","","1467799603","","","","","","",""
"66","vicky33gsg","vicky33gsg","ping06284284avl@163.com","","2016-08-21 13:58:54","0","vicky33gsg","vicky33gsg","","","","true","false","fresh","0","true","subscriber|1","0","","","","","","","","","","","","","","","","","","","","","","","","","","","","","","","","","","","","","","","","","","","","","","","","","","","","","","","","","","","","","","","","","","","","","","","","","","","","","","","","","","","","","","","","","","","","","","1"
<br />
<b>Fatal error</b>:  Out of memory (allocated 363331584) (tried to allocate 213909481 bytes) in <b>/home3/o0s5b6f8/public_html/wp-content/plugins/export-user-data/export-user-data.php</b> on line <b>2190</b><br />
